{"stats":{"minecraft:mined":{"minecraft:grass":6,"minecraft:grass_block":15},"minecraft:picked_up":{"minecraft:dirt":13},"minecraft:used":{"minecraft:dirt":3},"minecraft:custom":{"minecraft:jump":135,"minecraft:time_since_rest":4806,"minecraft:leave_game":2,"minecraft:crouch_one_cm":510,"minecraft:play_time":4806,"minecraft:sprint_one_cm":12540,"minecraft:damage_taken":20,"minecraft:time_since_death":4806,"minecraft:walk_one_cm":2720,"minecraft:sneak_time":71,"minecraft:total_world_time":4806,"minecraft:climb_one_cm":12,"minecraft:fall_one_cm":5919,"minecraft:fly_one_cm":36342}},"DataVersion":3337}