{
  "minecraft:recipes/decorations/crafting_table": {
    "criteria": {
      "unlock_right_away": "2024-10-08 13:13:25 +0000"
    },
    "done": true
  },
  "minecraft:adventure/adventuring_time": {
    "criteria": {
      "minecraft:sparse_jungle": "2024-10-08 13:13:58 +0000",
      "minecraft:river": "2024-10-08 13:14:21 +0000",
      "minecraft:forest": "2024-10-08 13:13:43 +0000",
      "minecraft:jungle": "2024-10-08 13:14:25 +0000",
      "minecraft:plains": "2024-10-08 13:13:27 +0000"
    },
    "done": false
  },
  "DataVersion": 3337
}